,0,1,2,3,4,5,6,7,8,9,a,b,c,d,e,f,count,mean,std,min,25%,50%,75%,max,chi,pvalue
0,2194521,2194333,2195123,2194705,2194689,2194884,2192103,2194752,2195869,2193055,2192536,2192004,2191704,2194625,2193172,2195669,16.0,2193984.0,1346.6888282004868,2191704.0,2192925.25,2194573.0,2194785.0,2195869.0,12.399161525334733,0.648598866382797
