,0,1,2,3,4,5,6,7,8,9,a,b,c,d,e,f,count,mean,std,min,25%,50%,75%,max,chi,pvalue
0,2194255,2194793,2193116,2194982,2195759,2196193,2193649,2194353,2194007,2193921,2193807,2192462,2195952,2191487,2190462,2194546,16.0,2193984.0,1547.8310415976716,2190462.0,2193515.75,2194131.0,2194840.25,2196193.0,16.37966092733584,0.35727762997988366
